{
  "r1_down": true,
  "r2_last_alert": 1779171910.4997764,
  "r2_down_since": null,
  "r2_down": false,
  "r1_last_alert": 1779175817.014991,
  "r1_down_since": 1779175817.014991
}