{
  "r1_down": false,
  "r2_last_alert": 1779171910.4997764,
  "r2_down_since": null,
  "r2_down": false,
  "r1_last_alert": 1779176113.5332236,
  "r1_down_since": null
}